lastname,firstname,screenname,user_id
Abdi,Sanae,_sanaeabdi,200695422
Abel,Valentin Christian,valentin_c_abel,1699863337
Abercron,Ernst Michael,mvabercron,862747349277450240
Achelwilm,Doris,dorisachelwilm,4819478705
Adler,Katja,katjadler,712941191
Aeffner,Stephanie,s_aeffner,982288614
Aggelidis,Grigorios,aggelidis_fdp,976107205849206784
Agu,Diyar,diyar_agu,1464802938
Akbulut,Gökay,akbulutgokay,800457587510476800
Akkamis,Gökhan,gokhan_akkamis,1358522179344809985
Al-Dailami,Ali Abass Yahya,ali_aldailami,989599708917137408
Al-Halak,Muhanad,halakmuhanad,1084016250324484096
Alabali-Radovan,Reem,reemalabali,1217456777643659269
Albani,Stephan Theodor Johannes,stephan_albani,884120154
Albrecht,Philipp Josef Erich,albrecht_cdu,1255077182
Ali,Nemir,nemir_ali_os,1298741420430327808
Alt,Renata,renataalt_mdb,1001837201276235777
Altenhöner,Freya,faltenhoner,1331692466030964743
Altenkamp,Norbert Maria,naltenkamp,1319570576957149184
Althaus,Thorsten,thorstenalthau2,1218949372576256000
Altmaier,Peter,peteraltmaier,378693834
Amthor,Philipp,philipp_amthor,934016327567790080
Andrä,Christian Thomas,fuerlangerwehe,1198697363734441984
Andres,Dagmar,dagmarandres,126421442
Annen,Niels,nielsannen,42401449
Antpöhler-Zwiernik,Oliver,ozwiernik,1401286008897949699
Arlt,Johannes,arlt_johannes,1262451438103465984
Armbrüster,Ralf,klarliberal,351405321
Arz,Christoph,christoph_arz,984884306853187584
Aschenberg-Dugnus,Christine Irene,cad59,25980076
Asi,Ferhat,ferhatasi6,1316094221816823813
Audretsch,Andreas,anaudretsch,995519538
Auer,Stefanie Maria,stefanie_m_auer,1119853446327304192
Aufenanger,Michael,michaelaufenan1,1326396523068989447
Aumer,Peter,peteraumer,348460907
Außendorf,Maik,maik_aussendorf,24253731
Babenhauserheide,Maik,babman,16690437
Bach,Jorias,joriasbach,1356582371794038784
Bacherle,Tobias Björn,tbbacherle,2835233692
Badum,Lisa Hildegard,badulrichmartha,282195399
Baerbock,Annalena Charlotte Alma,abaerbock,2179010672
Bahl,Sascha,saschabahl,327577743
Bahr,Ulrike Renate Martina,mdb_ulrike_bahr,724565991104110592
Baldy,Daniel,baldy_daniel,3305672686
Banaszak,Felix,fbanaszak,395209158
Bandte,Pius,pbandte,1411720311360442370
Bär,Dorothee Gisela Renate Maria,dorobaer,140821364
Bär,Karl,karlbaer,33172351
Baradari,Nezahat,nbaradari,2773426719
Bareiß,Thomas,thomas_bareiss,2797812265
Bärmann,Simon,simonbaermann,2197566851
Barrientos Krauss,Simone Anita,sbarrientosk,176104376
Bartke,Matthias,matthiasbartke,3376953843
Bartol,Sören,soerenbartol,57293969
Bartsch,Dietmar Gerhard,dietmarbartsch,2320519958
Bas,Bärbel,baerbelbas,19438957
Bauer,Detlef,detlefbauer_afd,3627640695
Bauer,Nicole Anna Elisabeth,nicole_ae_bauer,1061873979760263168
Baum,Christina,drchristinabaum,955899834325700609
Baumann,Bernd,berndbaumannafd,3043727333
Baumeister,Mark,markbaumeister,73063590
Bausch,Ulrich Matthias,bauschulrich,1376235556934447111
Bayer,Daniel Rene,real_dbayer,908656039427547136
Bayram,Canan,lieblingxhain,587862375
Bechberger,Harald,donnerwetterli,2743298733
Beck,Katharina Barbara Maria,kathabeck,36052322
Beckamp,Roger Friedrich Nikolaus,rogerbeckamp,4755310637
Beckmann,Steffen,afdsteffen,1415598567134318592
Beckmann,Sina Maria,sinabeckmann4,1172970202205757440
Beeck,Jens,jensbeeck,179216369
Beek,Olaf Karl Wilhelm,olafinderbeek,913327957602693121
Beermann,Maik,maikbeermann,569257486
Beese,Karin,karin_beese,320371157
Benze,Christoph,chr_benze,3899440337
Berger,Maik,maik_berger_spd,1014908881120751616
Berlingen,Ralf Markus,berlingenralf,1367890365475414018
Bernhard,Marc Albert,marcbernhardafd,805823950253150208
Bernhardt,Sebastian,sebbib86,1095409002249445376
Bernstein,Melanie,mela_bernstein,17836553
Bernstiel,Christoph,c_bernstiel,830085678063030273
Besser,Cornelia,bessercornelia,995638394054201344
Beutin,Lorenz Gösta,lgbeutin,136266976
Beyer,Peter,peter_beyer,445375409
Biadacz,Marc Josef,mbiadaczmdb,935815000006053888
Bilger,Steffen Rudi,steffenbilger,23925041
Birke,Helmut Gerhard,helmutbirke,2520914390
Birkwald,Matthias Walter,mwbirkwald,748851762
Birmann,Rüdiger,rudigerbirmann,1318221564802981888
Bischof,Anna-Maria,bischof_maria,1148118617998974978
Blankenburg,Jakob,jakobbla,88495338
Blasel,Jakob,jakobblasel,998243462138023936
Bläsing,Robert,robertblaesing,56642385
Bleck,Andreas,andreasbleckmdb,910878654535749632
Blienert,Burkhard Karl Erich,bublien,864705330554560512
Bloch,Enrico,enricobloch,16933435
Blum,James Robert,jimmyblum,1630568029
Bocklet,Marcus,marcusbocklet,218965191
Bode,Carsten Ulrich Rudolf,bodeulrich,984495586870288385
Bodtke,Ingo,ingobodtke,3418642394
Boegelein,Tobias,tobiasboegelein,4136151975
Boehringer,Peter Christian Pascal,peterboehringer,99268600
Bohl,Daniel,danielbohlmv,968077583924584448
Bokah Tamejani,Parwaneh Tayabeh,pbokah,852992690820182017
Bokler,Alicia Maria,aliciabokler,1169302968023302144
Bollenbach,Nils,bollenbachnils,1407743075045289986
Borhani,Behzad,behzadborhani,1205864068164259841
Born,Anton Marcus Hendrikus,antonvandenborn,1348891903174062080
Born,Helmut,helmutborn3,750401006379433984
Braedt,Michael,michael_braedt,810136483214610433
Braga,Torben,torben_braga,787776888097927169
Brand,Michael Karl,michel_brandt_,1543429536
Brandenburg,Jens,jbrandenburgfdp,857906951707127808
Brandl,Reinhard,reinhardbrandl,262730721
Brandner,Stephan Günther,stbrandner,713361366858481664
Brandt,Michel,michel_brandt_,1543429536
Brantner,Franziska Katharina,fbrantner,32323724
Braun,Thomas,thomasbraunafd,1387116611191070724
Braun,Helge Reinhold,hbraun,19108071
Braun,Jürgen Friedrich,juergenbraunafd,917756296555892736
Breher,Silvia Maria,brehersilvia,1337056810566553607
Brehm,Sebastian,brehm_innbgnord,904304932257492992
Brehm,Uta,utabrehm,931935177156317184
Brehmer,Heike Martina,heikebrehmermdb,150372237
Breilmann,Michael,m_breilmann,893027627568697344
Bressem,Anne,annebressem,956402886744920064
Breymaier,Leni,lenibreymaier,748453543632330752
Brinkhaus,Ralph,rbrinkhaus,38001527
Brockmeier,Alexander,alexbrockmeier,141585108
Brosch,Natalie,broschnatalie,1373321248407748612
Broßart,Victoria,gruenevictoria,1287012554594824192
Brugger,Agnes Monika,agnieszka_mdb,172269309
Brunken,Jakob,brunkenjakob,971809228179591168
Brunnemann,Eva-Maria,brunnemaa,832308057988354053
Brunner,Karl Heinz,brunnerganzohr,882929865535705088
Brzezicha,Franziska Maria,fbrzezicha,43297012
Bubendorfer-Licht,Sandra,bubendorferfdp,887343634647003136
Buchholz,Christine,ch_buchholz,426403057
Buder,Sabine,budersabine,1193786896129888256
Bühl,Marcus,marcus_buehl,729360191263780867
Büker,Patrick,patrickbueker,1421882067814596609
Bull-Bischoff,Birke,birke_bull,81394072
Bünger,Clara Anne,c_ab_,716220554362150912
Burda,Nicole Marie,burdanicole,1107289477259714560
Bury,Yannick,yannickbury,33738797
Buschmann,Marco,marcobuschmann,106136813
Busen,Karlheinz,busen_mdb,935554963639558145
Buss,Sarah,sarahbuss13,1060923688650969088
Büttinghaus,Carsten,c_buetti,1145717354363531264
Buttlar,Julia Caroline Susanne,juliavonbuttlar,1242051253313601543
Bystron,Petr,petrbystronafd,810957560723505152
Cademartori Dujisin,Isabel Andrea,isacademartori,204259229
Casel,Isabelle,isabellecasel,849978732655890432
Castellucci,Lars,larscastellucci,17469649
Celik,Deniz,denizcelikhh,522321804
Cezanne,Jörg,joerg_cezanne,1391879604
Chialo,Joe,chialojoe,3158649058
Christmann,Anna Maria,annachristmann,1617177360
Chrupalla,Tino,tino_chrupalla,797137333820784640
Ciftci,Mizgin,mizginciftci1,1409819250273964037
Cirlini,Camila,ccirlini,1157600466706075648
Connemann,Gitta,gitta_connemann,1125751445205262336
Conrad,Robin,rob_conr,883347916131270656
Coße,Jürgen,juergencosse,161395160
Costin,Tudor Paul,tupacostin,1139158839742410753
Cotar,Joana Eleonora,joanacotar,814970546366611457
Cremer,Christer,chr_cremer1982,4113149309
Cronenberg,Carl-Julius,cjcronenberg,1325126973631455232
Czada,Jan-Hendrik Willi Matthias,jhczada,2782377139
Czaja,Mario,marioczaja,115666099
Czok-Alm,Isabelle,isaczokalm,1071528635985788929
Dagdelen,Sevim,sevimdagdelen,139407967
Dahmen,Janosch,janoschdahmen,16697497
Dahms,Lennart Jan,lennartdahms,3014730448
Daldrup,Bernhard,bernharddaldrup,1329019163126476800
Dehler,Stephan,stephan_dehler,56323510
Deligöz,Ekin,ekindeligoez,22125770
Demir,Hakan,hakandemirnk,2942564267
Demmelhuber,Melanie Rosa,mel_demmelhuber,1236683857623232512
Denné-Weiß,Jessica,denneweiss_j,1358317156707033089
Detzer,Sandra,detzer_sandra,797777115689132032
Detzner,Tim,detznertim,1375787132745355266
Diaby,Karamba,karambadiaby,316355056
Diebold,Patrick Michael,padi_winchester,346072892
Diedenhofen,Martin,mdiedenhofen,785136227775344640
Dieren,Jan Ulrich,janulrichdieren,1321043479229878272
Dietz,Thomas,tommylukoil,1117821932
Dilcher,Esther,estherdilcher,939092636165689345
Dinar,Erkan,erkandinar,737226036904120320
Dinter,Dennis,dennisdinter,752534242391953408
Distl,Marcel Rudolf,mdistl,406425437
Dittmar,Sabine,dittmarsabine,1872648764
Djir-Sarai,Bijan,djirsarai,960463104537657344
Domscheit-Berg,Anke Margarete,anked,16557497
Dorff,Falk,falkvomdorff,1233654513892024325
Dorner,Alexander,dorner_ad,742073534021816320
Dornheim,Laura Sophie,schwarzblond,402220351
Dossenbach,Markus,markusdossenbac,959074192707727361
Droese,Siegbert Frank,siegbertdroese,1371088753100476417
Dröge,Katharina,katdro,15722010
Düring,Deborah Saskia,deborahduering,1249088270128029696
Dürr,Christian,christianduerr,17535941
Durz,Hansjörg,hansjoerg_durz,1662533040
Ebmeyer,Joachim Simon,jsebmeyer,23962520
Ebner,Harald,ebner_sha,52431948
Eckert,Leon,leckert_,714742039
Edelhäußer,Ralph,edelhaeusser,152339060
Eder,Severin Johannes Antonin,severineder,1150846270535327744
Edis,Mirze,edismirze,1390946242969153537
Efler,Michael,michaelefler,377293152
Ehrenlechner,Wolfgang,wehrenlechner,40200397
Ehrhorn,Thomas Ludwig Walter,thomas_ehrhorn,3242322815
Eichwede,Sonja Katharina,sonjaeichwede,2532432664
Eifler,Ulrike,eiflerulrike,1391353568691695616
Einfalt,Philipp,philippeinfalt,1243544966200209410
Einstmann,Torsten,teinstmann,1327989354304778246
El-Khatib,Jules,ju_khatib,707219371798740992
Elixmann,Florian Michael,elixmannm,1080224415151984641
Ellermann,Lisa,_lisaellermann_,1425837004466520077
Elsner von Gronow,Gerhard Helmuth Berengar,elsnervongronow,4429947807
Emmerich,Marcel,herr_emmerich,16695267
Engelke,Christian,chrengelke,958268845411786753
Engelmeier,Michaela,michaelaengel,26713568
Englhardt-Kopf,Martina,englhardtkopf,1335676869061062662
Ensch-Engel,Dagmar,dielinkeumwelt,1383197616
Eppers,Manuel,manueleppers,855923289784553477
Erben,Stephanie,stephanieerben,1147508358
Erdmann,Mika-Sören,mikaerdmann2411,960934518713737218
Erdmann,Margaux Gerlind Jeanne Hildegard,mjghe,1437728022
Erndl,Thomas Maximilian,terndl,2192588903
Ernst,Klaus Friedrich,ernst_klaus,64994645
Ersching,Otto,ottoerlued,759667961275777024
Esdar,Wiebke,wiebkeesdar1,1042109887604563968
Esken,Saskia Christina,eskensaskia,1423622834
Espendiller,Michael,drmespendiller,885167849685340161
Esser,Annkatrin,bunteannka,3102810939
Etgeton,Torsten,tetgeton,1130911716693483522
Faber,Marcus,marcusfaber,22364234
Fackler,Kai Fabian,facklerkai,1412941066593054722
Fahimi,Yasmin,fahimiyasmin,1038034431385247745
Falkenberg,Janine,jafalkenberg,2588916057
Farle,Robert,robert_farle,2958611710
Fäscher,Ariane,arianefaescher,1371580189000486919
Fechner,Johannes,fechnerjohannes,1105754727101485058
Feiler,Uwe Wolfgang Werner,uwefe,47151012
Ferschl,Susanne,susanneferschl,1096063189249331201
Fiedler,Sebastian,fiedelseb,417280296
Fiedler,Thorben,thorbenfiedler,1414153018883416066
Firat,Tuna,tunafirat,460004195
Fischer,Sebastian,sefischer_mei,19150447
Flach Gomez,Kathrin,kathigraphie,1147619256
Föst,Daniel Wolfgang,dfoest,422569574
Frank,Sander Hendrik Tim,sanderfrankfn,1253621098077437952
Franke,Edgar Konrad Hartmut,frankeedgar,481393623
Franke-Wöller,Corinna,corwoeller,882687572648091649
Fränzle,Lea Ursula,lfraenzle,1368611767237156868
Frei,Thorsten,thorsten_frei,1181598578508214272
Fricke,Otto,otto_fricke,18044683
Friede,Lisa-Marie,lisamariefriede,2986342912
Frieg,Michael,friegmichael,1408771734405328900
Frieser,Michael,michaelfrieser,4577700622
Frisch,Andreas,andi_frisch,46901618
Fritz,Elena,elena__fritz,1226479367787859974
Frohnmaier,Markus-Cornel,frohnmaier_afd,4130621842
Frömming,Götz,gtzfrmming,809895794
Fuchs,Florian,fuchs_cdu,1371446249715597312
Funke,Fabian,funke_fabian,941607536968519680
Gädechens,Ingo Adolf August,gadechens,1157298670745899014
Gambir,Schahina,schahinag,1284802020382310400
Ganserer,Markus (Tessa),gansgruen,41365109
Garnis,Lukas,lukasgarnis,787324660702666752
Gastel,Matthias,matthiasgastel,727782559
Gebhart,Thomas,thomasgebhart,51483238
Gehring,Kai,kaigehring,110368456
Gehrke,Sven Gustav,svengehrke,491342008
Geissler,Jonas Alexander Tecumseh,geisslerjonas,3375074608
Geißler,Alexander,a_geiszler,1134864989779562496
Geitz,Andreas,andreasgeitz,2288663038
Gelbhaar,Stefan,stefangelbhaar,426582569
Gerdes,Michael,gerdesmdb,2468956470
Gesenhues,Jan-Niclas,jn_gesenhues,370585284
Giesler,Markus,markusgiesler,1524426913
Glöckner,Angelika,a_gloeckner,976421048
Gnauck,Hannes,hannes_gnauck,1325859656015679493
Goes,Thomas,thomasegoes,1015307701247729666
Gohl,Christopher,lofferg,283033082
Gohlke,Nicole Stephanie,nicolegohlke,866425075
Goldammer,Marcel,marcelbelmondo,1006825051
Goldenstein,Claas Fiete,claasimodo,1376646357314850816
Gönner,Thomas,thomasgoenn,817762065356099586
Göring-Eckardt,Katrin,goeringeckardt,626287930
Görke,Christian,chr_goerke,2669131375
Görzel,Volker,vgoerzelfdp,1350059078
Gottschalk,Kay,kaygottschalk1,1286011081
Graf Lambsdorff,Alexander,lambsdorff,149299258
Gramling,Fabian Benedikt Meinrad,fabiangramling,738358276560150532
Grässer,Sebastian Andrè,gruene_seb,1159076748555931654
Graßhoff,Johan,johan_gra,740837918881763328
Gräßle,Ingeborg Gabriele,inge_graessle,429065822
Gregg,Nicolas,nicogregg,1326943027466792960
Gremmels,Timon,timon_gremmels,494809842
Griese,Kerstin,kerstingriese,39709752
Grimm,Daniel Alexander,derbonvivant,468294493
Gröhe,Gottfried Hermann,groehe,94363834
Gröhler,Klaus-Dieter,kdgroehler,1274971348943732736
Grosse-Brömer,Michael,mgrossebroemer,574424501
Grötsch,Ulrich Peter,uligroetsch,867351565757239296
Grouwet,Carl Jean Marie,carlgrouwet,871379114304950276
Grübel,Markus,gruebelmdb,796691290016583680
Gründer,Nils Jan,nilsgruender,2741534691
Grundl,Erhard,erhard_grundl,951773879822880768
Grünke,Julian Simon,juliangruenke,2814722659
Grützmacher,Sabine,s_gruetzmacher,1221559096463306752
Gschwind-Wiese,Gabriele Maria Margareta,gabigschwind,3560085977
Gülden,Suat Niyazi,suatgldn,709810911259787264
Güler,Serap,serapgueler,2645960542
Gumnior,Lena Maria,lgumnior,1123920998942822402
Günther,Lars,journeberlin,4797199275
Güntzler,Fritz,fguentzler,779601750789656576
Gürpinar,Ates Nils,atesguerpinar,833040538370719746
Gutting,Olav Steffen,olavgutting,58429842
Güyildar,Ezgi Bilge,ezgi_guyildar,1020396996
Gysi,Gregor,gregorgysi,888289790
Haase,Christian,christianhaase6,1601699642
Hacker,Thomas,hacker_fdp,89209507
Hagl-Kehl,Rita Andrea,ritahaglkehl,836553428042141697
Hahn,Florian Peter,hahnflo,403735368
Hahn,Leon Maria Michael,leonhahn,129795099
Hakverdi,Metin,metinhakverdi,1043288618
Hannott,Niklas,niklas_hnt,1255921487275491331
Hansel,Frank-Christian,frankhansel,3346541451
Hänsel,Heike Stefanie,heikehaensel,332264734
Hansen,Johannes Sebastian,gruen_seb,1934969178
Hansen,Jörg,jorg_hansen,1097521513870311425
Hanser,Thomas,thomashanser6,1303188159598153728
Harder-Kühnel,Mariana Iris,m_harderkuehnel,815699423057637381
Hardt,Jürgen,juergenhardt,38467606
Harjes,Michael,michael_harjes,977533001553907712
Harlaß,Andreas,harlaandreas,1180903225765105664
Harras,Björn,bjornharras,494987341
Hartewig,Philipp,philipphartewig,817772024697389059
Hartmann,Frederik F.,frederikfhartm1,1364250743159586816
Hartmann,Sebastian,sebast_hartmann,1076269195
Hartmann,Stefan,stefanhartlinks,851426912
Harzer,Ulrike,harzerulrike,1238937177003888646
Haßelmann,Britta Maria,brihasselmann,1131092102
Hauer,Matthias,matthiashauer,1158585210
Haug,Jochen,jochen_haug,717077328669646849
Haustein,Nino,ninohaustein,754212192296239104
Hayduk,Norbert,pronomus,725370694125649920
Heck,Stefan,stheck,2976064481
Heesen,Rene,reneheesen,1359443111961890819
Heger,Nicole-Annette,nicoleheger1,1253385002294874117
Heidenblut,Dirk,dheidenblut,1083371289786634240
Heider,Silvio,erzsocial,1224680935611949056
Heidkamp,Erich Heinrich,erichheidkamp,1601738437
Heidrich,Annette Mathilde,heidrichspd,998949637
Heidt,Peter,peterheidtfdp,1858621434
Heil,Wolfgang-Hubertus,hubertus_heil,15943222
Heil,Mechthild,mechthildheil,974367631
Heiligenstadt,Frauke,fheiligenstadt,20715527
Heilmann,Thomas,thomasheilmann,56806603
Heinrich,Frank,frankheinrich,43959185
Heinrich,Gabriela,gaheinrich,296121556
Heitmann,Linda,linda_lobster,796076739642490880
Helferich,Matthias,helferich_afd,872422743597346825
Heller,Hannah,heller_hannah,1263028690553835520
Heller,Jessica,jessicahellerle,593904128
Helling-Plahr,Katrin,katrinhelling,21267421
Hellmich,Wolfgang,hellmichmdb,786498202832822272
Hemmelgarn,Udo Theodor,udohemmelgarn,849060114388705280
Henneberger,Kathrin,kathrinanna,17152502
Hennig,Anke,ankehennigspd,1283381888372047872
Hennig-Wellsow,Susanne Marianne,susannehennig,60619687
Hennrich,Michael,michaelhennric2,1132260527378489345
Henrichmann,Marc,marchenrichmann,44608858
Henrici,Fabrice,fabricehenrici,1232274529751314433
Herbrand,Markus,herbrandmarkus,997138767763750912
Herbst,Torsten,torstenherbst,17561226
Herdt,Waldemar,waldemarherdt,3384824825
Hermann,Heinrich Alexandra,ahermann_linke,1431880754833858560
Herrmann,Bernhard,bherrmann_,1372871859025408002
Heselhaus,Nadine,nheselhaus,1335619744909627394
Hess,Martin Alexander,martin_hess_afd,872663038805016576
Hessel,Katja,fdp_hessel,107806591
Heubuch,Maria Ulrike,mheubuch,1337706238205960193
Heuer,Justus,justus_heuer,1133264073020383232
Hierl,Susanne,hierlsusanne,1352742562260529154
Hießerich-Peter,Angelika,hiesserichpeter,886507776670928896
Hillmann-Richter,Anke,ankehillmann,1100142805127696393
Hilse,Karsten,karstenhilse,757336386668261376
Hilwig,Arnd,arndhilwig,774659323352023040
Hinderks,Jan Andreas,thehinni,110764747
Hintermayr,Frederik Maximilian,hintermayrfred,869930784874004480
Hirte,Christian,christianhirte,37642893
Hitschler,Thomas,thomashitschler,292151515
Hobusch,René,renehobusch,713049368
Höchst,Nicole,nicole_hoechst,3105025175
Hocker,Gero Clemens,gerohocker,966707365893558273
Höfer,Johannes,hanneshoefer,943962558
Höferlin,Manuel,manuelhoeferlin,17483463
Hoffmann,Bettina Martha Lieselotte,bhoffmann_mdb,971040144420720641
Hoffmann,Alexander,hoffmann_mdb,1193816843519172608
Hoffmann,Christoph,hoffmannforest,1085494381405237251
Hofmann,Bianca Marina Anna,bianca_liberal,900035256509763586
Hofreiter,Anton Gerhard,tonihofreiter,442678902
Hogenkamp,Vincent,vfbla,804382452206759939
Hohmann,Martin,hohmannmdb,1159457070124605442
Höhn,Matthias,matthiashoehn,15686106
Holderied,Martin Basil,martinholderied,2356752361
Holm,Leif-Erik,leif_erik_holm,739531034761498624
Holste-Hagen,Sylvia,holstehagen,301057308
Holtz,Ottmar Wilhelm,owvonholtz,2357675876
Hönel,Bruno,bruno_hoenel,859112360228917249
Hoop,Katrine,katrinehoop,1046422000095449088
Hoppermann,Franziska Christina Brigitte,fhoppermann,883059801747587073
Horn,Fabian,drfabianhorn1,1357715864129318913
Horn,Katharina,gruenekatha,773830694237827072
Hostert,Jasmina,jasminahostert,817937942
Houben,Reinhard Arnold,houbenreinhard,825069798140833794
Huber,Ann-Christin,annihuber,1310162134286970882
Huber,Johannes Josef,hubermdb,925286741921189888
Hubertz,Verena Ute,verenahubertz,3591923477
Hug,Michael Andreas,michaelhug17,1160087042136653824
Hümpfer,Markus Klaus,humpfermarkus,709129502870409217
Hundesrügge,Britta,bhundesruegge,620131394
Hunko,Andrej Konstantin,andrejhunko,87281380
Ilsanker,Josef,jilsanker,895290584939864065
Ingenbleek,Anja Sigrid,anjaingenbleek,1302665317706010624
Isringhaus,Paul Helmut,hisringhaus,107776320
Jacobi,Fabian,jacobi_afd,944181149424898048
Jaegers,Jan,jaegersjan,993881165592489984
Jäger,Florian,derjaeger_bt21,1044946853710753792
Janecek,Dieter Gerald,djanecek,52024480
Jansen,Christoph,chrisjansenbonn,425062083
Janssen,Anne,cdu_anne,1347502987200131073
Jarzombek,Thomas,tj_tweets,37105136
Jaschinski,Toni,tonijaschinski,714907606645673985
Jenkel,Reiner Erwin,rjenkel,133796046
Jensen-Bornhöft,Gyde,gydej,1530171613
Jentzsch,René,jentzschrene,1103912279077076993
Jersch,Stephan Rüdiger,stephanjersch,107238212
Jongen,Marc Stephan,marc_jongen,4121053541
Jordan,Markus Erik,m_jordan_gruene,1350735512533938182
Jordan,Nicole,nicolejordanafd,1210467507808673792
Jost,Clemens,clemensjost,1381264051678937098
Joswig,Julian-Béla,joswigjulian,1049584156332707840
Jung,Ingmar Ludwig,ingmar_jung,23296367
Jung,Xaver,xaverjung,1313226002
Junge,Frank Michael,jungeinberlin,77928749
Juratovic,Josip,josip_juratovic,738731811380076544
Jurisch,Ann-Veruschka,avjurisch,1377177846158778373
Kaczmarek,Oliver,kaczmarekoliver,231440493
Kaddor,Lamya,lamyakaddor,1200442200
Kaiser,Marie-Thérèse,hallofraukaiser,953273726379970561
Kaiser,Elisabeth,kaiser_spd,1425035358
Kalinka,Gerhard,gkalinka,54539198
Kämpfe,Rebekka Maria,rebekkakaempfe,1424993445203021824
Kappert-Gonther,Kirsten,kirstenkappert,955357684013953025
Kappes,Charline,charlinekappes,42054361
Karaahmetoǧlu,Macit,macit_spd,574582030
Karliczek,Anja Maria-Antonia,anjakarliczek,2521976694
Kartes,Jens Torbjörn,kartesmdb,3188225915
Kasper,Carlos,caka_keinscheis,1213136273432440832
Kassautzki,Anna Katharina,annakassautzki,2776064484
Katsch,Matthias,kamazhe,79128230
Katzmarek,Gabriele,gabykatzmarek,3017602065
Kaufmann,Michael Heinz,kaufmannafd,1595763756
Kaufmann,Malte,maltekaufmann,97530140
Kaufmann,Axel,ortsvorsteher_,274661425
Kaufmann,Stefan,stefankaufmann,51752254
Kaufner,Dominik Alexander,dkaufner,2803860936
Kekeritz,Uwe Adolf Otto,uwekekeritz,46480553
Keller,Rainer Johannes,rainerkellerwes,912780367937048578
Kellner,Michael,mikellner,2221112390
Kemmer,Ronja Helene,ronjakemmer,2405039875
Kenk,Moritz,moritzkenk,807359895863435265
Kersten,Franziska,kersten68,729399137272213505
Kessler,Achim Dieter,achimkesslermdb,849567328899616768
Kestner,Jens,kestnerjens,916937598232391680
Kesztyüs,Martin Georg,margkesz,404238396
Ketterl,Simone,ket_simone,1390594419624194049
Keul,Katja,katjakeul,959105406416162823
Keuter,Stefan,stefankeuterafd,794628172570619904
Khawaja,Jareem,jkhawajaaa,2839740437
Kiesel,Maximilian Knut,kieselknut,1324434290516656130
Kiesewetter,Roderich,rkiesewetter,42698498
Kießling,Michael,kiessling_mdb,730314294
Kindler,Sven-Christian,sven_kindler,17343047
Kipping,Katja,katjakipping,28066013
Kiziltepe,Cansel,canselk,23248102
Klages,Delia Susanne,klagesdelia,1320377238009880576
Klaukien,Thomas Adolf,tklaukien,1036225419912114176
Kleebank,Helmut,helmut_kleebank,4185556127
Kleen,Joachim Lübbo,kleen_coldinne,1133077933793402881
Klein,Karsten,mdbklein,995228494023086080
Klein,Ottilie Paola,ottilie_klein,728577706489720832
Klein,Thomas,thomaskleinos,1329466778473336835
Klein,Torsten Mario,torstenklein_eu,1593635527
Klein,Volkmar,volkmarklein,33043294
Klein-Schmeink,Maria Anna,mariaklschmeink,18103366
Kleinke,Rüdiger Bernd Alfred,kleinkeruediger,797838406931927040
Klingbeil,Lars,larsklingbeil,16255941
Klinge,Marcel,klinge_marcel,1330853304147058688
Klöckner,Julia,juliakloeckner,29858729
Klose,Annika Gisela,anniklose,1460753227
Kluckert,Daniela Kathrin,danielakluckert,28327765
Klüssendorf,Tim,timkluessendorf,19160769
Kneller,Maximilian,maxkneller,83371585
Knoerig,Axel,axel_knoerig,928974816220254208
Knopf,Heiko,heikoknopf,427736692
Knorr-Köning,Seija Anne,seijakk,1125094588979580930
Kober,Pascal Felix Ernst,pascalkober,19909974
Kochs,Wolfgang Heinrich Johann Helmut,wolfko3,1226592274869637122
Koeppen,Jens,jenskoeppen,146376562
Kofler,Bärbel,baerbelkofler,193629792
Kögler,Gerd Siegfried,afdgerd,999659930201313281
Köhler,Lukas Otto,koehler_fdp,898597063444877313
Komning,Enrico,enricokomning,781747720897892352
König,Anne,annekoenig_,4493363728
König,Jörn Harald,joernkoenigafd,960974630709284864
Konrad,Carina,carina_konrad,874304935906729986
Koob,Markus Benjamin,koobmar,2664174617
Kopatz,Michael,oekoroutine,897849118072209408
Kopf,Chantal Johanna Siglinde,chantal_kopf,820001178943627266
Köpferl,Karola,koepferl,1308132794053296128
Körber,Carsten,carstenkoerber,1362372381814231041
Korkmaz-Emre,Elvan,korkmazgt,3930477322
Körlin,Volker Hans Markus,vkorlin,1424094512880787464
Korn,Denis,deniskorn,62535980
Korte,Jan,jankortemdb,4164673821
Köser,Kai,kaikoeser,843689802390274048
Koß,Simona,kosssimona,1359549652199170050
Koswig,Peter,drkoswig,1404862670415831040
Kotré,Steffen,steffenkotre,912223443231428609
Kowalski,Klemens,kowabit,1422920539283279872
Kowol,Maximilian,kowolmaximilian,2293984977
Kraft,Rainer Detlef,dr_rainer_kraft,804064797977444352
Kraft,Laura Manuela,laura_kraft_,1410671503679574016
Krämer,Joachim Horst,johokra,90918304
Krämer,Elisabeth,kraemer4berlin,2726575499
Krämer,Philip,phikraemer,746767453951234048
Kramme,Anette,anettekramme,1461705757
Kramp-Karrenbauer,Annegret,akk,47620601
Kratzsch,Kevin,kevinkratzsch,58513318
Krause,Tim,krau05828265,1161200121587085312
Krause,Matthias,mkrause2021,1317217784242278401
Krauß,Alexander,alexanderkrauss,16361049
Kretschmann,Johannes Friedrich,zwitscherklause,2282460432
Kretz,Jürgen,juergenkretz,369706514
Kretzer,Klaus,klauskretzer,70347653
Krichbaum,Gunther,guntherkrichba3,1161098384020824069
Krieger,Maria Katharina Elisabeth,mariakriegerin,47350017
Kriesch,Arian,freiheitsfreund,14666567
Krings,Günter,guenterkrings,392312829
Krischer,Oliver,oliver_krischer,88630242
Kröber,Martin,martinkroeber,137036352
Krohn,Caroline,krohncaroline,1001969053
Krumm,Kristin Erika,kristin_krumm,981464353445728256
Krumrey,Hanns-Henning Kurt Reimer,henningkrumrey,110374247
Kruse,Rüdiger,ruedigerkruse,20916357
Kruse,Viktoria,vikkruse,1265693449
Kryszan,Anna,annakryszan,919145347884175360
Kuban,Tilman Moritz,tkuban96,970038451
Kuffer,Michael Thomas,michaelkuffer,4249342037
Kuhle,Konstantin Elias,konstantinkuhle,475275997
Kühn,Christian,chriskuehn_mdb,1143130812
Kühne,Frederick,99thesen,178544586
Kühne,Roy,dr_roy_kuehne,1906911697
Kühnert,Kevin,kuehnikev,2764750474
Kulitz,Christian Alexander,akulitz,1743275384
Künast,Renate Elly,renatekuenast,1425265488
Kunath,Stefan,stefan_kunath,1408382792766005249
Künzle,Claus Alexander,derblaueclaus,114544941
Kurth,Markus,markuskurthmdb,150188536
Kurth,Patrick,patrick_kurth,19149087
Labetzke,Michael,labetzkemichael,1352218136691564544
Lackerbauer,Veronika,vlackerbauer,4908944397
Lahrkamp,Sarah,slahrkamp,1238059203526307842
Lammersmann,Bernhard Theodor,infolammersmann,725207956304875520
Lang,Silvio,langlinke,617140076
Lang,Ricarda,ricarda_lang,1405886484
Lange,Klaus,klauslange_afd,1417141658605531138
Lange,Ulrich,ulrichlange,68172699
Langer,Robert,robertlangerofi,1089570291657990145
Laslop,Paul,laslop_paul,1401539714310623239
Laube,Steffen,deinepanik,1237167104337551360
Laukert,Gregor Thomas,gregorlaukert,1139663376924258304
Launert,Silke,drlaunert,4926993244
Lauterbach,Karl Wilhelm,karl_lauterbach,3292982985
Lay,Caren Nicole,carenlay,21404382
Lebien,Roger Henricus Katharina,lebien_roger,3957185777
Lechte,Ulrich,ulrichlechte,988765113606918144
Lederer,Sebastian Martin,lederer_gruene,1255983450584231938
Leenders,Regina,leendersregina,1358383627327983617
Lehmann,Sylvia,lehmannspd,2320712427
Lehmann,Sven,svenlehmann,16706236
Leidig,Sabine,sabineleidig,257461232
Leikert,Katja Isabel,kleikert,467381196
Leiser,Kevin,klhohenlohe,1365771819861557251
Leitterstorf,Luca Mike,titusluca,305633775
Lemke,Sonja Janet,sonjalemke,1146136451542847490
Lemke,Steffi,steffilemke,17229513
Lensing,Sascha,lensingsascha,1313795607216238593
Lenz,Andreas,derlenzmdb,3635730797
Lessel,Ute,utelessel,1421048553024204803
Ley,Theresa,th_ley,3303954801
Leye,Christian,christian_leye,826683982519611393
Lichert,Andreas John,andreaslichert,770959228450340865
Licina-Bode,Luiza,bodeluiza,1398240466395611142
Lieb,Thorsten Willibald,thorstenlieb,2411398358
Liebau,Urs Justus Jasper Gregor,ursliebau,1093488058433982474
Lieberum,Jan,janlieberum,1320639343564935168
Liedtke,Jacob,liedtke4herne,957382610073915392
Limbacher,Esra-Leon Ruben,esralimbacher,19139341
Limburg,Helge Stefan,helge_limburg,63687144
Lindauer,Stefan Christian Xaver,lindauerstefan,1215245011761147905
Lindemann,Lars,lflindemann,96146500
Lindh,Helge Frederik,helgelindh,454981027
Lindholz,Andrea,andrealindholz,1446031532
Lindner,Christian Wolfgang,c_lindner,122104353
Lindner,Tobias,tobiaslindner,21197524
Link,Michael Georg,michael_g_link,3034092143
Link,Stephan Wolfram,stephan92286946,1232392373617004553
Linnerer,Michael,linnerer,175507169
Lochmüller,Christoph Johannes,lochmuellerch,1338523294581002249
Löhmann,Heinrich,heiner_loehmann,398550240
Löhrer,Frieder Cornelius,fcl56,29405176
Lommatzsch,Nicolas,nicolommatzsch,3373842209
Loop,Denise,denise_loop,797403769378131968
Lorenz,Ralph Albert,ralphlorenzfdp,2455244503
Lötzsch,Gesine,loetzschmdb,24178198
Löwenbourg-Brzezinski,Elisabeth Victoria Sophie,loewenbourg,1356632555387314179
Lucassen,Hans-Rüdiger,mdb_lucassen,4875914470
Lucks,Max,max_lucks,481428317
Luczak,Jan-Marco,jm_luczak,22908417
Ludwig,André,berglas5,2812915821
Ludwig,Daniela,daniludwigmdb,1019846605044936705
Ludwig,Saskia,saskialudwigcdu,472261226
Lugk,Bettina,bettinalugk,1193991990196785157
Lührmann,Anna Kristina,annaluehrmann,1179715307440619522
Luksic,Oliver,olliluksic,21144568
Lünenschloss,Caroline Anne Marie,carolueni,1320785670487658498
Lütke,Kristine,kristine_lutke,875431735256920065
Maas,Heiko Josef,heikomaas,24158261
Maaßen,Hans-Georg,hgmaassen,843210563190771713
Machalet,Tanja,tmachalet,23340320
Mackensen-Geis,Isabel Larissa,isabelmackensen,2322165327
Magwas,Yvonne,yvonnemagwas,3852561082
Maier,David,buerodavidmaier,761649232990314500
Maier,Jens,jensmaierafd,916639458409242624
Maiwald,Frank Michael,frankfuerffm,1418945384714485769
Malisch,Jessica,jessica_malisch,3383567741
Malottki,Erik,evmgreifswald,63240190
Malsack-Winkemann,Birgit Theresia,malsackwinkeman,2368711488
Manderla,Gisela Maria,manderlagisela,1095781218
Mann,Holger,holgermannle,615488350
Mannes,Gerd Michael,gerdmannesafd,983697909270155264
Mansmann,Till Berthold,tillmansmann,954049866283483136
Mansoori,Kaweh,el_kaweh_,2149926365
Marquardt,Stephan,stephanmarquard,1199768856849506304
Martens,Zanda,zandamartens,1383821163151851532
Martin,Dorothee Katja Julia,doro_martin,241008237
Martin,Oliver Wolfgang Hermann,olivermartin_lb,1301692266592047107
Martin,Susanne Margarete Christa,susanne_mrtn,2459542621
Martin-Köppl,Ernestine,fiona27011960,792701182422683648
Marvi,Parsa,parsamarvi,973597518
Marzischewski-Drewes,Stefan,marzischewski,796440861169090575
Mascheck,Franziska,f_mascheck,744152788746248192
Mast,Katja Wilma,katjamast,937678874095300609
Mattfeldt,Andreas,amattfeldt,23447001
Maurer,Michael Franz Josef,micha_maurer,20509288
Mayer,Anja Maria,anja_mayer,866920381
Mayer,Zoe,zoe_gruene,1248662696318418950
Mayer-Lay,Volker,vmayer_lay,1290361590429229056
Meffert,Yannik,yannik_meffert,1364963129797578752
Mehltretter,Andreas,mehli,15820788
Mehmet Ali,Takis,takismehmetali1,1413536612068245507
Meinhardt,Patrick,meinhardt,16344613
Meiser,Pascal,pascalmeiser,314534724
Meister,Michael Günther,meister_schafft,34214048
Mende,Dirk-Ulrich August Heinrich,dirkulrichmende,1092392602010300417
Merten,Anikó,anikomerten,2490321900
Merz,Joachim-Friedrich Martin Josef,_friedrichmerz,1059395748289232896
Mesarosch,Robin,mesarosch,208413193
Metzler,Jan,janmetzler,995653004
Mex,Bernd Hermann,berndmex,1044908065
Meyer,Tanja,gleichechancen,1329846133632479232
Meyer,Christoph Werner,meyer_fdp,861992050358616064
Meyer,Alexander,ra_alexmeyer,4059930622
Miah,Mohammad Shahabuddin,_smiah_,1378385037536677890
Miazga,Corinna,corinnamiazga,868762469115846657
Michaelsen,Swantje Henrike,swantjemichael1,1086178318230188033
Michel,Susanne Kathrin,kthrn_mchl_spd,1166055765402144771
Mihalic,Irene,irenemihalic,143000381
Mijatović,Boris,borismijatovic,718050209163509760
Mindrup,Klaus,klausmindrup,845282647261761536
Mohamed Ali,Amira,amira_m_ali,934029228886065152
Mohring,Mike,mikemohring,1041930259
Möhring,Cornelia,conni_moehring,2596171296
Mohrs,Falko,falkomohrs,79228932
Moll,Claudia,claudiamollmdb,1070312229139025920
Möller,Sandra,dr_vonmoeller,1196714325286825985
Möller,Siemtje Victoria Regine Ilse Santjer,siemtjemdb,1115940238801743872
Möller,Wilko,wilko_moeller,888151168765100034
Moncsek,Mike,mike_moncsek,1104304242754494465
Monstadt,Dietrich,mdbmonstadt,1180102389275205632
Moosdorf,Matthias,mmoosdorf,50578509
Mordhorst,Maximilian,maxmordhorst,2174533082
Möring,Karsten Hinrich Wilhelm,karstenmoering,1099159964
Mörseburg,Maximilian Rick,maxmoerseburg,270435074
Mosblech,Volker Peter,mosblechvolker,1369718948
Mosler,Lukas,l_mosler,1251464476374728712
Mrosek,Andreas,mrosek1958,2618890032
Muja,Manuel,muja_manuel,597575408
Müller,Alexander,alexmuellerfdp,936235058792484864
Müller,Bettina,betmueller,2443895924
Müller,Florian Matthias,florianmm,45370052
Müller,Claudia Heike,gruenclaudia,937403112
Müller,Guido,guidofliege,110950072
Müller,Carsten,mdbmuller,1322811129635213313
Müller,Moritz,moritzamueller,781836726025281536
Müller,Michael Christian,mueller_mc,4767566534
Müller,Sepp,mueller_sepp,801803127762669568
Müller,Detlef,muellerchemnitz,784760007275515904
Müller,Norbert Carl,norbert_mdb,4265444913
Müller,Rainer Michael,regberlin,875683644668604416
Müller,Sascha,saschamuller,52793798
Müller,Stefan,smuellermdb,17960911
Müller-Böhm,Roman Andreas Dirk,muellerboehm,2373251115
Müller-Gemmeke,Beate,gruenebeate,53426644
Müller-Hechfellner,Christine,salidana,53217638
Müller-Rosentritt,Frank,theliberalfrank,984048002967982080
Münschke,Daniel,danielmuenschke,215236126
Müntefering,Michelle-Jasmin Gabriele,mi_muentefering,947740210036641793
Münz,Volker,volker_munz,878615716152446976
Münzenmaier,Sebastian,s_muenzenmaier,863657874941255684
Müser,Marie Rose,mariemueser,1352294001328726019
Näger,Marco Manuel,nagermarco,1211815420040138752
Nanni,Sara,sarananni,81596596
Nasr,Rasha,rasha_nasr_,3697025955
Nastić,Zaklin Jadwiga,zaklinnastic,2527808433
Naujok,Edgar,edgar_naujok,791991717717282817
Neise,Martin,martinneise,1357080002332938240
Nestle,Ingrid Johanna,ingrid_nestle,44359035
Neu,Alexander Soranto,alexandersneu,1182878557
Neubauer,Martina,neubauermartina,1259557603
Neuhoff,Hans Ludwig,dr_neuhoff,1047058166834434048
Neumann,Fritz Walter Martin,_martinneumann,974589289689427968
Neumann,Anna Patrizia,anna_p_neumann,1021041111324819456
Neumann,Christoph,neumann_afd,760188355615293440
Neumann,Paul-Philipp,ppneumanneu,1370434895374323712
Nick,Andreas,drandreasnick,49450039
Nick,Ophelia Johanna,ophelianick,2527051226
Nickholz,Brian,briannickholz,1970779310
Nietan,Dietmar Heinrich,dietmarnietan,2280921685
Nitschke,Lars,lars6697,1001481067742793730
Nölke,Matthias,matthiasnoelke,800823849252229121
Nolte,Jan Ralf,jan_nolte_afd,3408940048
Notz,Konstantin,konstantinnotz,17752770
Nouripour,Omid,nouripour,16674128
Nürnberger,Jörg Mathias,jorgnurnberger,1354090527898148865
Nusser,Dennis Tim,timnusser,244992955
Oehl,Jan Lennard,leoehl,631226773
Oellers,Wilfried,wilfriedoellers,906847944
Oest,Florian,oestflorian,872537606403350529
Ohnacker,Christiane,christi61278506,1422682964211666945
Ohnesorge,Friedrich Jan,fritzohnesorge,708530767392075776
Olsson,Jan,_jan_olsson_,780468953026035712
Oppelt,Moritz Paul Georg,moritz_oppelt,1042344502776791041
Ortleb,Josephine Loulou,josephineortleb,21618829
Oßner,Florian,florian_ossner,1294532364
Oster,Josef,josefoster,28089973
Ostermann,Stephan,greenostermann,1285143587781578754
Otte,Henning Rudolf Helmut,vtdgsprecher,1416388709264633858
Otte,Karoline,karo_otte,936673325950128128
Otten,Gerold Joachim,gerold_otten,774309860812918784
Özdemir,Cansu,cansuoezdemir,501663381
Özdemir,Cem,cem_oezdemir,19108766
Özdemir,Mahmut,oezdemir_spd,1399764944
Özgür,Alper,alphzgr,2456231110
Özmen,Roze,ozmenroze,1203079640514007041
Özoğuz,Saliha Aydan,oezoguz,83342791
Pahlke,Julian Nils Christoph,j_pahlke,960825326132752385
Palfner,Benjamin,benpalfnerfdp,1306929150733832193
Pantazis,Christos,dr_pantazis,25909814
Pantel,Sylvia,sylviapantel,1082464339
Pantisano,Luigi,luigipantisano,3128634149
Papendieck,Mathias,m_papendieck,1673859822
Pasemann,Frank,frank_pasemann,1490376331
Pau,Petra Angelika,petrapaumahe,560467206
Paus,Elisabeth Maria,lisapaus,569166756
Pawlik,Natalie,natalie_pawlik,90452001
Pechstein,Claudia,cpechstein,53780291
Peick,Jens,jenspeick,1348612290250207234
Pellmann,Sören,linkepelli,74837812
Perc,Dejan,dejanperc,22455076
Perli,Victor Angelo,victorperli,3350681139
Peter,Jens-Uwe,jensuwepeter,882427358
Peter,Maximilian Philipp,mape92,1202151804315799553
Peterka,Tobias Matthias,tobiasmpeterka,2496104640
Peters,Thorben,petersthorben,1408173283791491081
Petersen,Olga,olgapetersenafd,1104544908990431233
Petersen-Brendel,Jan,petersenbrendel,1332638187391430662
Petry,Christian,cpetrymdb,64159881
Pflüger,Tobias Klaus,tpflueger,16696924
Philippi,Andreas Milan Gerhard,philippispd,1352627969664151553
Pichl,Alexandra Juliane,alexandrapichl,1073556453171040256
Piechotta,Paula Louise,paulapiechotta,52318801
Pietsch,Britta,pietschbritta,1290270213167030273
Pilsinger,Stephan Nikolaus,stephpilsinger,819914159915667456
Pirch,Imke,pirch,1302919611793502208
Plobner,Jan Heinz Stefan,janplobner,1027976898641633281
Plorin,Gerd,gerd_plorin,814175764342075392
Ploß,Christoph Johannes,christophploss,928335737803722753
Podolay,Paul Viktor,paul_podolay,774308243124391937
Podstawa,Christoph Josef,cpodstawa,1004311251198111744
Pohl,Jürgen Hans,pohl_mdb,175071092
Pohle,Markus,markuspohle2,1381134050937729025
Polat,Filiz,filizgreen,194535434
Polheim,Jörg,fdp_oberberg,73488204
Poloczek-Becher,Christian,c_poloczek,180333065
Pöschl,Wolfgang,drposchl,1367070260071985154
Poschmann,Sabine,sabineposchmann,738636568760553472
Post,Achim Jürgen,achim_p,1117749912
Post,Florian Michael Josef,florianpost,741532130
Preißinger,Marco Ramon,marco_prei,825491107953987584
Preuß,Carsten,carsten_preuss,932930248651542528
Preysing,Regina,rpreysing,828266607008968704
Prietz,Tina Luisa,tinaprietz,1232740414374981633
Protschka,Stephan,afdprotschka,1412287272
Rabanus,Martin Hermann,martinrabanus,46356949
Rachel,Thomas Walther,_thomasrachel,1052524172717375488
Radwan,Alexander Gamal,alexanderradwan,2831760211
Rahn-Farr,Andrea Klara,arafa72,133666719
Rainer,Alois Georg Josef,aloisrainer,1310491780618555396
Ralfs,Richard,richardralfs,311286385
Rashid,Vaniessa,vaniessa_rashid,3995523039
Raumann,Holger,raumannholger,1042866624548818944
Rausch,Christof,rausch_christof,726832144081928192
Redder,Volker,docredder,65658028
Rehbaum,Henning,henningrehbaum,1338567611781623810
Reichardt,Martin,m_reichardt_afd,2545743991
Reichel,Markus,markusreicheldd,1354788176150278146
Reichinnek,Heidi,heidireichinnek,3417281013
Reif,Annette,reifannette,1289231383823515649
Reinalter,Anja Margit,anjareinalter,1398922666069872641
Reinhold,Hagen,reinholdmdb,925657781759332353
Renner,Martina Erika,martinarenner,68920005
Renner,Martin Erwin,renner_afd,2535401947
Reusch,Ralf,reuschralf,1377345272657874948
Reuther,Bernd,reuther_bernd,930422173478608903
Rhie,Ye-One,yeone_rhie,722757627877335040
Richter,Martin Max,fdprichter,1380980496553885699
Ridder,Daniela Friederike,deridder_mdb,2842430247
Rieck-Vogt,Diana,rieckvogt,974051154874306560
Riedel,Ann Cathrin,anncathrin87,54244057
Riesmeier,Niklas,nikriesmeier,1347887229948067843
Riexinger,Bernd Karl,b_riexinger,849012308
Rimkus,Andreas,andreas_rimkus,30838821
Rinkert,Daniel,danielrinkert,1118689765
Ritter,Tino Josef,tino_ritter,874629032100454401
Rix,Sönke,soenkerix,36327895
Rohde,Dennis,dennisrohde,18160122
Roloff,Sebastian Jörg,sebroloff,482763399
Rösch,Philipp,ph_roesch_fdp,1410921931994505218
Rosemann,Martin,martinrosemann,28784085
Rosenthal,Jessica,jessi_rosenthal,1250663306286817282
Rößner,Tabea,tabearoessner,53351462
Roth,Michael,miro_spd,1114675538
Röth,Sibylle,roethsibylle,1379793984881577984
Rothenbacher,Jan,janrothenb,3347244099
Röttgen,Norbert Alois,n_roettgen,1040160799208161280
Rottmann,Manuela,manuelarottman,984735466783232000
Rouenhoff,Stefan,stefanrouenhoff,963904327
Röwekamp,Thomas,tr_bremen,1108680958100848640
Rubach,Philipp Johannes,philipprubach,1290226192595988481
Rüddel,Erwin Josef,erwin_rueddel,33071479
Rüdel,Daniel Stephan,daniel_ruedel,1321753146146934785
Rudolph,Thorsten,jethoru,540276932
Ruf,Nadine,ruf_nadine,2638674329
Rüffer,Corinna Martina,crueffer,1524735194
Rüger,Korbinian Nicholas,korbinianrueger,4258841536
Rummler,Bernd,rummler_bernd,1027231684029284352
Rupp,Jörg Alfred,joergrupp,22049748
Ruschmeyer,Nino,ninoruschmeyer,1112989294854111232
Ruttmann,Hermann,hermannruttmann,1027478119354183680
Rützel,Bernd Ferdinand,ruetzelbernd,1113004743733993472
Ryglewski,Sarah Janina,ryglewskis,4858227178
Saathoff,Johann,johann_saathoff,159217491
Sacher,Michael,mchlsacher,3294006790
Sahin,Hüseyin,hueseyinhuman,334704353
Saleh,Kassem Taher,kassem_ts,1162268562481750022
Sarrazin,Manuel Ferdinand Theodor,manuelsarrazin,17922403
Sartorius,Klaus Friedrich Karl David,friedrichsarto1,1161993851252420608
Sattelberger,Thomas Michael,th_sattelberger,1296544153
Sauter,Christian,chr_sauter,997033716324093952
Sawilla,Kira,roteskiramisu,1365597851766636546
Schaaf,Rainer,rainerschaaf1,1407600048897236994
Schaberl,Pankraz,pankrazschaberl,1368895737262641152
Schäfer,Ingo,ingoschaeferspd,1380107899092017159
Schäfer,Jamila Anna,jamila_anna,859883348
Schäfer,Sebastian,sebastian_es_,3367452609
Schäffler,Frank Uwe,f_schaeffler,18189342
Schamberger,Kerem Sascha Özgür,keremschamberg,754651485980459009
Schattner,Bernd Hans,herbstbernd27,868931638486609922
Schäuble,Wolfgang,wolf_schauble,491327447
Schauws,Ursula,ulle_schauws,17363943
Scheer,Nina,ninascheer_spd,845213960060243968
Scheeres,Claus,clausscheeres,1354005894674186242
Scheil,Stefan,scheildr,849550854529187841
Schenk Graf von Stauffenberg,Maximilian Karl,stauffenbergkar,1105175893570437123
Schenke,Petra Barbara,petraschenke,1298870870346289157
Scheuch-Paschkewitz,Heidemarie Elfriede,heidedielinke,60636417
Scheuenstuhl,Harry Herbert,scheuenstuhl,381974354
Scheuer,Andreas Franz,andreasscheuer,50315139
Scheuerle,Eric Ralph Hugo,ericschrl,2180148226
Scheunchen,Chris,scheunchen,1256179086650748934
Schieder,Marianne,m_schieder,1306503986791448576
Schiefner,Udo,udoschiefner,3823042877
Schiele,Cedric Nils,cedric_schiele,1324446707527143424
Schielke-Ziesing,Ulrike,ulschzi,866924100
Schieritz,Laura,laura_schieritz,1216808702352728064
Schilke,Michael,michaelschilke3,1178376386
Schimke,Jana,janaschimke,728990858
Schinnenburg,Wieland Albert Wilhelm,wschinnenburg,828943222432997376
Schinowsky,Heide,schinowsky,16210314
Schipanski,Tankred,tschipanski,39938182
Schliesing,David,dschliesing,1358759207491817475
Schlifter-de la Fontaine,Jan Maik,schlifterjm,857887263421845504
Schlösser,Sascha,schloesserra,112308891
Schlüter,Jörg,joerg_schlueter,1009833904113582081
Schmid,Nils Hermann,nilsschmid,83795057
Schmid,Christoph Florian,kratermensch,2615401245
Schmidt,Eva-Maria,schmidte70,3086891672
Schmidt,Julian,julian1schmidt,882947595253014529
Schmidt,Alice Katherine,alicekatschmidt,959396274834477058
Schmidt,Dagmar,dieschmidt,95905207
Schmidt,Jan Wenzel,jws_afd,3321753670
Schmidt,Marko,marko_schmidtgr,1331545433571725313
Schmidt,Stefan,schmidt_mdb,930725836482928640
Schmidt Ramos,Johannes,ramos_fdp,1373661410228633602
Schmidtke,Claudia,mdb_schmidtke,1340469592666324992
Schmitt,Jan-Lukas,schmittjanlukas,1414286832439894018
Schneider,Leonard,leonard_schn,3399876809
Schneider,Jörg,schneider_afd,719975730784956416
Schneider,Carsten,schneidercar,96783215
Schneidewind-Hartnagel,Charlotte,charlotte_mdb,1235523759597068288
Schnell,Lucia,schnelllucia,1367841851571662855
Schniebel,Dietrich Matthias,schniebel,65298490
Schnieder,Patrick,pschnieder,368334555
Scholz,Olaf,olafscholz,38150247
Schön,Nadine,nadineschoen,41840905
Schönberger,Marlene Edeltraud,lime_green_leni,314230960
Schoo,Alexandra,schooalexandra,1409898472078286859
Schötz,Dennis Thomas,dennis_schoetz,714027805315620864
Schrade,Hansjörg,hansjorgschrade,1409036163915075586
Schramm,Julia Ulrike,_juliaschramm,47728577
Schraps,Johannes,jschraps,1356753444
Schreiber,Eva-Maria Elisabeth,mdb_schreiber,940585440746328064
Schreiner,Felix,felixschreiner,162398888
Schreiner,Tobias,tobiasschreine3,1062639192709173248
Schröder,Christina-Johanne,cj_schroeder,724395216
Schrodi,Michael Georg,mischrodi,806975237766135813
Schubert,Sebastian,linksschubert,1410608918221398024
Schüller,Titus,titusschueller,963499263639552002
Schulte,Mathias,random_faction,1310577361394511872
Schultz,Malin,hauidoinit,1168736216
Schulz,Anja,_anja_schulz,825776827352367104
Schulz,Uwe,uwe_schulz_afd,19177808
Schulz-Asche,Kordula Anna Paula,k_sa,17870195
Schulze,Sebastian Richard,schulze_afd,1604151774
Schulze,Svenja,svenjaschulze68,757979230244368385
Schumacher,Annemarie,anny_shoe,3006132496
Schumann,Stephan,stephanschumann,50779450
Schupp,Jan,schupp_fdp,227468116
Schüren,Roland,rolandschueren,2820271505
Schütz,Fabian Richard,fabianschtz7,1338031856504201216
Schwab,Tim-Luka,tim_schwab_spd,1347644303120674816
Schwabe,Frank,frankschwabe,30050484
Schwalbach,Lucas,lucasschwalbach,141530638
Schwartze,Stefan,s_schwartze,1117526742
Schwarz,Armin,arminschwarz,1204127231796285441
Schwarz,Bernd,bernd_schwarz11,1729349454
Schwarz,Andreas,schwarz_mdb,2226815116
Schwarzelühr-Sutter,Rita Berta,rischwasu,50932086
Schwarzer,Christina,tinaschwarzer,359327259
Schwede,Jan Henrik,janschwede,1404037910102433794
Schweiger,Torsten,cdu_schweiger,2758602415
Schweizer,Lars Maximilian,larsschweizer,1120961463613558784
Schweizer,Hans Jakob Charles,schweizerjakob,1411632574670254083
Seestern-Pauly,Matthias,mseesternpauly,1006099793888841729
Seewald,Ilja-Kristin,iljaseewald,1098197162
Seiter,Stephan,stseiter,743355360367370240
Seitz,Thomas Michael Konrad,th_seitz_afd,913358838736310272
Seitzl,Lina,lina_seitzl,2474314748
Sekmen,Melis,melis_s,289583425
Semet,Rainer,rainersemet,1263786763371380737
Senga,Roman,sengaroman,860395492227809280
Sichert,Martin Johannes,martin_sichert,918405860862382082
Siebler,Joachim,josiebler,475735819
Silberhorn,Thomas,silberhornmdb,951489275312443392
Simon,Björn Manuel,bjoernsimon,93845554
Sitte,Petra,petra_sitte_mdb,293522998
Skudelny,Judith Sandra,judithskudelny,948958759560376320
Slawik,Nyke,nyke_slawik,3002271760
Slunjski,Lucas,lucas_slunjski,2775213693
Smith,Stella Luise,stellaluisesmi1,1416402072417849349
Söhne,Julia Sophie,juliasoehne,1325131133923721218
Söhngen,Stefan,soehngens1997,3302876158
Sollbach,Marion,marionsollbach,1382250035447001090
Sommer,Helin Evrim,hesommer,143882918
Sonntag,Carsten,carstensonntag,3375628955
Sörensen-Siebel,Till Niklas,siebeltill,1403212330520006657
Sorge,Tino,tinosorge,110385973
Spahn,Jens Georg,jensspahn,299650387
Spallek,Anne Monika,annespallek,1066418537969999873
Spaniel,Dirk,dirkspaniel,810537151729373184
Spellerberg,Merle,spellerberg_m,905109355586101248
Spethmann,Susanne,susispethmann,2989592705
Spielmanns,Aaron Luca,spielmannsaaron,767486041
Spinrath,Norbert,spinrathnorbert,1701848514
Stadler,Svenja,stadler_svenja,3337459024
Staffler,Katrin,katrin_staffler,825019912083038208
Stahr,Nina,ninastahr,19530651
Stamm,Anne,annestamm,356009119
Stamm-Fibich,Martina Margarete,stamm_fibich,4017796049
Stark-Watzinger,Bettina,starkwatzinger,38228691
Statz,Henrik Jan,henrikstatz,48324016
Steckbauer,Tim,realcomradefox,1312738465885368320
Stefanowicz,Sören,soeren_afd_harz,1384051554395725827
Steffen,Till Benjamin,till_steffen,1125962791
Steffen-Stiehl,Christian,c_steffenstiehl,950829413331030016
Stefinger,Wolfgang Dieter,stefingermdb,4866955749
Stegemann,Albert,stegemannalbert,1127961248493129728
Stegner,Ralf,ralf_stegner,16808099
Steidel,Isabell Charlotte,isabellsteidel,1354075304185233411
Steier,Andreas,andreassteier,3236928208
Steimle,Bianca Daniela,biancasteimle,1325088188843569152
Stein,Peter,peter_stein_cdu,2885729417
Stein,Jens Mathias,stonie_kiel,46498076
Steineke,Sebastian,steinekecdu,277006619
Steiniger,Johannes Eberhard,josteiniger,83474160
Steinmüller,Hanna,hansteinmueller,1091742295572000769
Steinzen,Sebastian,steinzenfdp,1104490868
Stephan,Thomas,afdstephan,1391282506649976832
Stetten,Christian Alexander,cvstetten,1334019378
Sthamer,Nadja,nadjasthamer,1325320336016027648
Stier,Dieter,dieter_stier,1156156982
Stölting,Sebastian,sebstoelting,2653856263
Stoop,David Christopher,davidstoophh,851712947130961920
Storch,Beatrix,beatrix_vstorch,805308596
Storjohann,Gero,gero_storjohann,20534846
Storm,Ulrich Helmut,storm_ulrich,1156546642256039936
Strack-Zimmermann,Marie-Agnes,mastrackzi,3047392319
Straetmanns,Friedrich Karl Otto,frstraetmanns,959059951523106816
Strasser,Benjamin,bstrasser,29540300
Strengmann-Kuhn,Wolfgang,w_sk,20840049
Stuckmann,Ingo,ingostuckmann,1114681396407283712
Stumpp,Margit Theresia,margit_stumpp,943082490482262016
Stüwe,Ruppert Fritz Johannes,stuewer,94592987
Suermondt,Julia Edith Loretta,julia_suermondt,1419726334453030917
Suhr,Christian,christiansuhr4,1346869432681902081
Tamm,Claudia,fraupoel,943851995466694656
Tankacheyev,Emil,emiltankacheyev,1412521460376145922
Taş,Hakan,hakantasberlin,434158517
Tatti,Jessica Nadine,jessica_tatti,1020297087970435072
Tegtmeier,Ines,inestegtmeier,1398955077243740162
Tempel,Frank,frank_tempel,730695836288585728
Terwiesche,Michael,mterwiesche,917418178497646594
Tesche,Andreas,tescheandreas,1407643027607330818
Tesfaiesus,Awet,awettesfaiesus,1035577771853049858
Teuteberg,Linda,lindateuteberg,170964436
Teutrine,Jens,jensteutrine,801549587144175616
Theurer,Michael Alexander,eutheurer,1108382916
Thews,Michael Eckardt,michael_thews,409258073
Thiel,Lina,noreenthiel,2995614297
Thiel-Klein,Anne Renate Helga,annethielklein,1141458470392279040
Thissen,Karin,karinthissen,1380871650804129792
Thomae,Stephan,stephanthomae,75005687
Throm,Alexander Richard,alexander_throm,829056811974144001
Thüne,Christin,christinthuene,1884137534
Tiedemann,Ralf,ralftiedemann21,1126230494
Tiemann,Dietlind Hildegard,dr_tiemann,4818645382
Tillmann,Antje,antjetillmann,1082925763316367360
Tillmann,Maria Anna Gertrud,tillmannmaria,754924376911384576
Tippelt,Nico,tippelt21,53369932
Todtenhausen,Manfred,mtodtenhausen,563706584
Toncar,Florian,florian_toncar,17462171
Töns,Markus,toens_nrw04,3522875063
Träger,Carsten Dietmar,carstentraeger,3577737256
Tramnitz,Christian,ctramnitz,524709738
Trăsnea,Ana-Maria,amtrasnea,1321384806282911744
Treu,Nina Sophie,n_treu,1349320829490880512
Treutler,Heinz Jürgen,jurgentreutler,1390035112457293827
Trittin,Jürgen,jtrittin,485751594
Turğut-Wenzel,Fırat,firatturgutw,1184257357930467333
Türk-Nachbaur,Derya,derya_tn,1162689374510886912
Turowski,Martin,martin_turowski,1053508987
Uhl,Markus Alexander,uhl_markus,1391875208
Uhlig,Katrin Babette,katrinuhligbn,1346462734662193152
Ullmann,Andrew John,ullmannmdb,609972369
Ullrich,Gerald,g_ullrichfdp,935456332655874048
Ullrich,Volker Michael,volkerullrich,28446356
Utz,Erich Horst,utzerich,2962097523
Vaisi,Mohamad Shoan,vaisishoan,1289573573271728129
Verlinden,Julia Maria Kornelia,julia_verlinden,1475734592
Vogel,Johannes,johannesvogel,15630931
Vogler,Kathrin,voglerk,21287514
Voller,Katharina Eva Elisabeth,katha_v,35810101
Völlers,Marja-Liisa,marjavoellers,1009457791554281473
Volmering,Sven,svenvolmering,332698790
vom Berg,Joachim,johoffmann,20765149
Vöpel,Dirk,voepeldirk,829029719941246978
Vries,Christoph Bernhard,vrieschristoph,1193925069476696064
Wadephul,Johann David,jowadephul,389682667
Wagener,Robin Till Nils Johannes,robinwagener,392302434
Wagener,Niklas,wagenerniklas,1166603377
Wagner,Willi Karl,www_afd,826482146177073154
Wagner,Doris Else,d_wagner_muc,2230052774
Wagner,Daniela,danywagner_da,874917828436078592
Wagner,Dietmar Werner,dietmarwagner22,896759842681040900
Wagner,Magdalena Maria,lenawagner91,954042454994571264
Wagner,Sascha Heribert,saschahwagner,633005935
Wagner,Johannes,yoohannes,837741064052215815
Waldmann,Johannes,joh_waldmann,2182007458
Wallstein,Maja Scarlett,krawallstein,2423392771
Walter,Sebastian,sebastianwaiter,591671888
Walter-Rosenheimer,Beate,beatewaro,47049428
Wanderwitz,Marco,wanderwitz,16361044
Warken,Nina Ingrid,ninawarken,65413134
Weber,Gerry,gerryweberbtw21,1334245117079805958
Weber,Frank Markus,frankafdbwg,817059773241847812
Weber,Andreas,weberandy,19448687
Weeser,Sandra,sandra_weeser,858362895075340288
Wegge,Carmen,carmenwegge,1086174715239116800
Weidel,Alice Elisabeth,alice_weidel,833398209053605888
Weidner,Christian Claus,ch_weidner,1381592199826132992
Weinberg,Marcus,marcusweinberg,884382990
Weindl,Robert Josef,weindlrobert,896448697264992256
Weingarten,Joe,drjoeweingarten,811960243353780226
Weippert,Nadja,nadjaweippert,820596228564152320
Weisgerber,Anja,anjaweisgerber,133770069
Weiss,Maria-Lena,marialenaweiss,2654324832
Weiß,Hans-Peter,hanspetergruene,1387441004870045702
Wendorf,Sven,svenwendorf,1036696655435886593
Wenzel,Peer Stefan,stefwenzel,61729247
Wenzl,Marlene,marlene28110,864839932745056256
Werner,Lena,thereallenzii,38250199
Werner,Katrin,katrin_werner,224630872
Westerschulze,Stefan,westerschulze,1287023972576628742
Westerwelle,Angelika,a_westerwelle,48040873
Westig,Nicole,nicolewestig,989145249682526213
Westphal,Bernd Helmut,berndwestphal4,1071665423140249600
Weyel,Harald,h_weyel,841412635270762496
Whittaker,Kai Thorsten,kai_whittaker,2479436480
Wichert,Günter Ernst,gunterwichert,1345839470185164805
Widmann-Mauz,Annette,awidmannmauz,3351905747
Wiegelmann,Johannes Thomas Maria,jowiegelmann,72550995
Wiehle,Wolfgang,wolfgangwiehle,1003656299589132291
Wieking,Katharina Johanna,00katey00,1045759023159681024
Wiener,Klaus,klauswiener,862247639584317441
Wiese,Dirk,dirkwiesespd,815469233090023424
Wieseler,Markus,markuswieseler,1052621358323003392
Wiesweg,Kim Alexandra,wieswegkim,1323973241510240258
Willkomm,Katharina,k_willkomm,958634602905718785
Wingerter,Sven,svenwingerter,827995050
Winkelmeier-Becker,Elisabeth,elisabethwinke4,1386075729780162569
Winkler,Tobias,tobiaswinkler_,2811445750
Winklmann,Tina,tinawinklmann,1409889740665540620
Winter,Daniel,outback8612,1558727047
Winter,Wiebke,wiebkewinter,2261860334
Winterich,Michael,michaelwinteri2,1364680016265687046
Wirth,Christian Friedrich,chrwirthmdb,920193967937019904
Wißen,Bodo,bodowissen,196277773
Wissing,Volker,wissing,20593301
Wißler,Janine Natalie,janine_wissler,143484553
Witkowski,Mirko Wilko,mirkowitkowski,20699677
Witt,Sandro,sandrowitt,37639653
Witt,Uwe,witt_uwe,4503658823
Wolf,Silvio,afd_wk_65,826028745370849283
Wolf,Udo,udowolfmda,3240319751
Wölfel,Gabriel,gabrielwolfel,1178606980786724867
Wrese,Alexander,alex_v_wrese,263345356
Wulf,Mareike Lotte,mareikewulf,1037791106518409216
Wundrak,Franz Josef Joachim,joachimwundrak,1389980178038808581
Wüst,Tobias Rainer,tobiaswuest,1321595995004784645
Wyszkowski,Frank,frankwyszkowsk1,4843474198
Zawalski,Thomas Lothar,thomaszawalski,1100388122888728577
Zaya,Nadin,nadinzaya1,1225160789939703810
Zeuner,Mathias Gerald,mathiaszeunerx,1032272584497410048
Zickenheiner,Gerhard,gzickenheiner,1201838123841404929
Ziebs,Hartmut,hartmutziebs,151566115
Ziegler,Kay-Uwe,kayuweziegler71,846770487480995841
Ziemiak,Paul,paulziemiak,288696645
Zierke,Stefan,zierke,64220313
Zill,Claus Valentin,valentinzill,1396735351583125505
Zimmermann,Gabriela Gianina,gizimmermann,970087801
Zimmermann,Jens,jenszspd,449619355
Zippelius,Nicolas Benjamin,nzippelius,1560104953
Znanewitz,Dominik,dznanewitz,2442590022
Zorn,Armand,armandzorn,1313187376378908675
Brunken,Jakob,happy_gruen,490635718
Bubendorfer-Licht,Sandra,tulpen14,192279146
Ebmeyer,Joachim Simon,jseebmeyer,1424668554641690625
Görke,Christian,goerke_c,1411676203224870912
Heidkamp,Erich Heinrich,heidkamperich,1292123263972278273
Hermann,Heinrich Alexandra,shakydtx,252943331
Huber,Johannes Josef,huber_afd,2527085323
Ilsanker,Josef,dielinkepassau,845490499
Jaegers,Jan,_janpj_,756762981975912448
Krings,Günter,g_krings,3348766367
Pechstein,Claudia,pechsteinclaudi,1430957459125030916
Reichel,Markus,drmarkusreiche1,822120749091717120
Schütz,Fabian Richard,schuetzcdu,1404058312845500426
Zaya,Nadin,nadinzaya,911918713527562241
